,Utilization,Avg Packet Queueing Delay
0,0.1,0.000667604052988
1,0.2,0.000959494653243
2,0.3,0.00166915227664
3,0.4,0.00249330033086
4,0.5,0.00345498285115
5,0.6,0.00514097912184
6,0.7,0.0102401322712
7,0.8,0.0134253239821
8,0.9,0.0281505580409
9,0.95,0.0632011913393
10,0.98,0.0984990944554
