,Utilization,Avg Packet Queueing Delay
0,0.1,0.000278836827484
1,0.2,0.00103682997211
2,0.3,0.00200135755193
3,0.4,0.00269062628801
4,0.5,0.0032171514019
5,0.6,0.00529295739201
6,0.7,0.00883770502244
7,0.8,0.0163189465665
8,0.9,0.0273747534515
9,0.95,0.0971345380127
10,0.98,0.151790840007
