,Utilization,Avg Packet Queueing Delay
0,0.1,0.000282676552966
1,0.2,0.000957903149302
2,0.3,0.00136019670187
3,0.4,0.00209174217792
4,0.5,0.00469545637614
5,0.6,0.00535516559519
6,0.7,0.0083235902503
7,0.8,0.0150326451202
8,0.9,0.0464989051654
9,0.95,0.0458976238926
10,0.98,0.026159816566
